﻿plate_column_1,plate_column_2,plate_column_3,plate_column_4,plate_column_5,plate_column_6,plate_column_7,plate_column_8,plate_column_9,plate_column_10,plate_column_11,plate_column_12
colony_1,colony_2,colony_3,colony_4,colony_5,colony_6,colony_7,colony_8,colony_9,colony_10,colony_11,colony_12
colony_13,colony_14,colony_15,colony_16,colony_17,colony_18,colony_19,colony_20,colony_21,colony_22,colony_23,colony_24
colony_25,colony_26,colony_27,colony_28,colony_29,colony_30,colony_31,colony_32,colony_33,colony_34,colony_35,colony_36
colony_37,colony_38,colony_39,colony_40,colony_41,colony_42,colony_43,colony_44,colony_45,colony_46,colony_47,colony_48
colony_49,colony_50,colony_51,colony_52,colony_53,colony_54,colony_55,colony_56,colony_57,colony_58,colony_59,colony_60
colony_61,colony_62,colony_63,colony_64,colony_65,colony_66,colony_67,colony_68,colony_69,colony_70,colony_71,colony_72
colony_73,colony_74,colony_75,colony_76,colony_77,colony_78,colony_79,colony_80,colony_81,colony_82,colony_83,colony_84
colony_85,colony_86,colony_87,colony_88,colony_89,colony_90,colony_91,colony_92,colony_93,colony_94,colony_95,colony_96