﻿plate_column_1,plate_column_2,plate_column_3,plate_column_4,plate_column_5,plate_column_6,plate_column_7,plate_column_8,plate_column_9,plate_column_10,plate_column_11,plate_column_12
custom_part_1,custom_part_2,custom_part_3,custom_part_4,custom_part_5,custom_part_6,custom_part_7,custom_part_8,custom_part_9,custom_part_10,custom_part_11,custom_part_12
custom_part_13,custom_part_14,custom_part_15,custom_part_16,custom_part_17,custom_part_18,custom_part_19,custom_part_20,custom_part_21,custom_part_22,custom_part_23,custom_part_24
custom_part_25,custom_part_26,custom_part_27,custom_part_28,custom_part_29,custom_part_30,custom_part_31,custom_part_32,custom_part_33,custom_part_34,custom_part_35,custom_part_36
custom_part_37,custom_part_38,custom_part_39,custom_part_40,custom_part_41,custom_part_42,custom_part_43,custom_part_44,custom_part_45,custom_part_46,custom_part_47,custom_part_48
custom_part_49,custom_part_50,custom_part_51,custom_part_52,custom_part_53,custom_part_54,custom_part_55,custom_part_56,custom_part_57,custom_part_58,custom_part_59,custom_part_60
custom_part_61,custom_part_62,custom_part_63,custom_part_64,custom_part_65,custom_part_66,custom_part_67,custom_part_68,custom_part_69,custom_part_70,custom_part_71,custom_part_72
custom_part_73,custom_part_74,custom_part_75,custom_part_76,custom_part_77,custom_part_78,custom_part_79,custom_part_80,custom_part_81,custom_part_82,custom_part_83,custom_part_84
custom_part_85,custom_part_86,custom_part_87,custom_part_88,custom_part_89,custom_part_90,custom_part_91,custom_part_92,custom_part_93,custom_part_94,custom_part_95,custom_part_96