plate_column_1,plate_column_2,plate_column_3,plate_column_4,plate_column_5,plate_column_6,plate_column_7,plate_column_8,plate_column_9,plate_column_10,plate_column_11,plate_column_12
fixed_part_1,fixed_part_2,fixed_part_3,fixed_part_4,fixed_part_5,fixed_part_6,fixed_part_7,fixed_part_8,fixed_part_9,fixed_part_10,fixed_part_11,fixed_part_12
fixed_part_13,fixed_part_14,fixed_part_15,fixed_part_16,fixed_part_17,fixed_part_18,fixed_part_19,fixed_part_20,fixed_part_21,fixed_part_22,fixed_part_23,fixed_part_24
fixed_part_25,fixed_part_26,fixed_part_27,fixed_part_28,fixed_part_29,fixed_part_30,fixed_part_31,fixed_part_32,fixed_part_33,fixed_part_34,fixed_part_35,fixed_part_36
fixed_part_37,fixed_part_38,fixed_part_39,fixed_part_40,fixed_part_41,fixed_part_42,fixed_part_43,fixed_part_44,fixed_part_45,fixed_part_46,fixed_part_47,fixed_part_48
fixed_part_49,fixed_part_50,fixed_part_51,fixed_part_52,fixed_part_53,fixed_part_54,fixed_part_55,fixed_part_56,fixed_part_57,fixed_part_58,fixed_part_59,fixed_part_60
fixed_part_61,fixed_part_62,fixed_part_63,fixed_part_64,fixed_part_65,fixed_part_66,fixed_part_67,fixed_part_68,fixed_part_69,fixed_part_70,fixed_part_71,fixed_part_72
fixed_part_73,fixed_part_74,fixed_part_75,fixed_part_76,fixed_part_77,fixed_part_78,fixed_part_79,fixed_part_80,fixed_part_81,fixed_part_82,fixed_part_83,fixed_part_84
fixed_part_85,fixed_part_86,fixed_part_87,fixed_part_88,fixed_part_89,fixed_part_90,fixed_part_91,fixed_part_92,fixed_part_93,fixed_part_94,fixed_part_95,fixed_part_96